"","tip.label","accession","fragment_lengths","Restriction_Enzyme","genome_length"
"1","SARS2-WHu1","NC_045512",2187,"GGTCTC(1/5) + CGTCTC(1/5)",29903
"2","SARS2-WHu1","NC_045512",7558,"GGTCTC(1/5) + CGTCTC(1/5)",29903
"3","SARS2-WHu1","NC_045512",7578,"GGTCTC(1/5) + CGTCTC(1/5)",29903
"4","SARS2-WHu1","NC_045512",643,"GGTCTC(1/5) + CGTCTC(1/5)",29903
"5","SARS2-WHu1","NC_045512",6130,"GGTCTC(1/5) + CGTCTC(1/5)",29903
"6","SARS2-WHu1","NC_045512",5807,"GGTCTC(1/5) + CGTCTC(1/5)",29903
"7","SARS2-WIV04","MN996528",2187,"GGTCTC(1/5) + CGTCTC(1/5)",29891
"8","SARS2-WIV04","MN996528",7558,"GGTCTC(1/5) + CGTCTC(1/5)",29891
"9","SARS2-WIV04","MN996528",7578,"GGTCTC(1/5) + CGTCTC(1/5)",29891
"10","SARS2-WIV04","MN996528",643,"GGTCTC(1/5) + CGTCTC(1/5)",29891
"11","SARS2-WIV04","MN996528",6130,"GGTCTC(1/5) + CGTCTC(1/5)",29891
"12","SARS2-WIV04","MN996528",5795,"GGTCTC(1/5) + CGTCTC(1/5)",29891
"13","BANAL-52","MZ937000",2163,"GGTCTC(1/5) + CGTCTC(1/5)",29838
"14","BANAL-52","MZ937000",7531,"GGTCTC(1/5) + CGTCTC(1/5)",29838
"15","BANAL-52","MZ937000",693,"GGTCTC(1/5) + CGTCTC(1/5)",29838
"16","BANAL-52","MZ937000",1216,"GGTCTC(1/5) + CGTCTC(1/5)",29838
"17","BANAL-52","MZ937000",18235,"GGTCTC(1/5) + CGTCTC(1/5)",29838
"18","RaTG13","MN996532",10435,"GGTCTC(1/5) + CGTCTC(1/5)",29855
"19","RaTG13","MN996532",1216,"GGTCTC(1/5) + CGTCTC(1/5)",29855
"20","RaTG13","MN996532",5669,"GGTCTC(1/5) + CGTCTC(1/5)",29855
"21","RaTG13","MN996532",643,"GGTCTC(1/5) + CGTCTC(1/5)",29855
"22","RaTG13","MN996532",4962,"GGTCTC(1/5) + CGTCTC(1/5)",29855
"23","RaTG13","MN996532",1575,"GGTCTC(1/5) + CGTCTC(1/5)",29855
"24","RaTG13","MN996532",5355,"GGTCTC(1/5) + CGTCTC(1/5)",29855
"25","BANAL-103","MZ937001",2146,"GGTCTC(1/5) + CGTCTC(1/5)",29632
"26","BANAL-103","MZ937001",7534,"GGTCTC(1/5) + CGTCTC(1/5)",29632
"27","BANAL-103","MZ937001",693,"GGTCTC(1/5) + CGTCTC(1/5)",29632
"28","BANAL-103","MZ937001",1216,"GGTCTC(1/5) + CGTCTC(1/5)",29632
"29","BANAL-103","MZ937001",10638,"GGTCTC(1/5) + CGTCTC(1/5)",29632
"30","BANAL-103","MZ937001",7405,"GGTCTC(1/5) + CGTCTC(1/5)",29632
"31","PCoV_MP789","MT121216",6268,"GGTCTC(1/5) + CGTCTC(1/5)",29521
"32","PCoV_MP789","MT121216",1284,"GGTCTC(1/5) + CGTCTC(1/5)",29521
"33","PCoV_MP789","MT121216",2052,"GGTCTC(1/5) + CGTCTC(1/5)",29521
"34","PCoV_MP789","MT121216",693,"GGTCTC(1/5) + CGTCTC(1/5)",29521
"35","PCoV_MP789","MT121216",5320,"GGTCTC(1/5) + CGTCTC(1/5)",29521
"36","PCoV_MP789","MT121216",899,"GGTCTC(1/5) + CGTCTC(1/5)",29521
"37","PCoV_MP789","MT121216",1309,"GGTCTC(1/5) + CGTCTC(1/5)",29521
"38","PCoV_MP789","MT121216",495,"GGTCTC(1/5) + CGTCTC(1/5)",29521
"39","PCoV_MP789","MT121216",3831,"GGTCTC(1/5) + CGTCTC(1/5)",29521
"40","PCoV_MP789","MT121216",7370,"GGTCTC(1/5) + CGTCTC(1/5)",29521
"41","PCoV-GX","MT040333",7670,"GGTCTC(1/5) + CGTCTC(1/5)",29805
"42","PCoV-GX","MT040333",2745,"GGTCTC(1/5) + CGTCTC(1/5)",29805
"43","PCoV-GX","MT040333",1979,"GGTCTC(1/5) + CGTCTC(1/5)",29805
"44","PCoV-GX","MT040333",4240,"GGTCTC(1/5) + CGTCTC(1/5)",29805
"45","PCoV-GX","MT040333",1309,"GGTCTC(1/5) + CGTCTC(1/5)",29805
"46","PCoV-GX","MT040333",3007,"GGTCTC(1/5) + CGTCTC(1/5)",29805
"47","PCoV-GX","MT040333",3940,"GGTCTC(1/5) + CGTCTC(1/5)",29805
"48","PCoV-GX","MT040333",3415,"GGTCTC(1/5) + CGTCTC(1/5)",29805
"49","PCoV-GX","MT040333",1500,"GGTCTC(1/5) + CGTCTC(1/5)",29805
"50","HKU3","GQ153543",326,"GGTCTC(1/5) + CGTCTC(1/5)",29681
"51","HKU3","GQ153543",2819,"GGTCTC(1/5) + CGTCTC(1/5)",29681
"52","HKU3","GQ153543",1413,"GGTCTC(1/5) + CGTCTC(1/5)",29681
"53","HKU3","GQ153543",2658,"GGTCTC(1/5) + CGTCTC(1/5)",29681
"54","HKU3","GQ153543",398,"GGTCTC(1/5) + CGTCTC(1/5)",29681
"55","HKU3","GQ153543",2745,"GGTCTC(1/5) + CGTCTC(1/5)",29681
"56","HKU3","GQ153543",5855,"GGTCTC(1/5) + CGTCTC(1/5)",29681
"57","HKU3","GQ153543",1673,"GGTCTC(1/5) + CGTCTC(1/5)",29681
"58","HKU3","GQ153543",3007,"GGTCTC(1/5) + CGTCTC(1/5)",29681
"59","HKU3","GQ153543",3029,"GGTCTC(1/5) + CGTCTC(1/5)",29681
"60","HKU3","GQ153543",4972,"GGTCTC(1/5) + CGTCTC(1/5)",29681
"61","HKU3","GQ153543",786,"GGTCTC(1/5) + CGTCTC(1/5)",29681
"62","Sl-CoVZC45","MG772933",2186,"GGTCTC(1/5) + CGTCTC(1/5)",29802
"63","Sl-CoVZC45","MG772933",1793,"GGTCTC(1/5) + CGTCTC(1/5)",29802
"64","Sl-CoVZC45","MG772933",679,"GGTCTC(1/5) + CGTCTC(1/5)",29802
"65","Sl-CoVZC45","MG772933",5074,"GGTCTC(1/5) + CGTCTC(1/5)",29802
"66","Sl-CoVZC45","MG772933",693,"GGTCTC(1/5) + CGTCTC(1/5)",29802
"67","Sl-CoVZC45","MG772933",1216,"GGTCTC(1/5) + CGTCTC(1/5)",29802
"68","Sl-CoVZC45","MG772933",2885,"GGTCTC(1/5) + CGTCTC(1/5)",29802
"69","Sl-CoVZC45","MG772933",1099,"GGTCTC(1/5) + CGTCTC(1/5)",29802
"70","Sl-CoVZC45","MG772933",655,"GGTCTC(1/5) + CGTCTC(1/5)",29802
"71","Sl-CoVZC45","MG772933",1673,"GGTCTC(1/5) + CGTCTC(1/5)",29802
"72","Sl-CoVZC45","MG772933",4253,"GGTCTC(1/5) + CGTCTC(1/5)",29802
"73","Sl-CoVZC45","MG772933",73,"GGTCTC(1/5) + CGTCTC(1/5)",29802
"74","Sl-CoVZC45","MG772933",609,"GGTCTC(1/5) + CGTCTC(1/5)",29802
"75","Sl-CoVZC45","MG772933",6109,"GGTCTC(1/5) + CGTCTC(1/5)",29802
"76","Sl-CoVZC45","MG772933",805,"GGTCTC(1/5) + CGTCTC(1/5)",29802
"77","Sl-CoVZXC21","MG772934",2186,"GGTCTC(1/5) + CGTCTC(1/5)",29732
"78","Sl-CoVZXC21","MG772934",1727,"GGTCTC(1/5) + CGTCTC(1/5)",29732
"79","Sl-CoVZXC21","MG772934",679,"GGTCTC(1/5) + CGTCTC(1/5)",29732
"80","Sl-CoVZXC21","MG772934",112,"GGTCTC(1/5) + CGTCTC(1/5)",29732
"81","Sl-CoVZXC21","MG772934",4962,"GGTCTC(1/5) + CGTCTC(1/5)",29732
"82","Sl-CoVZXC21","MG772934",693,"GGTCTC(1/5) + CGTCTC(1/5)",29732
"83","Sl-CoVZXC21","MG772934",1216,"GGTCTC(1/5) + CGTCTC(1/5)",29732
"84","Sl-CoVZXC21","MG772934",3984,"GGTCTC(1/5) + CGTCTC(1/5)",29732
"85","Sl-CoVZXC21","MG772934",655,"GGTCTC(1/5) + CGTCTC(1/5)",29732
"86","Sl-CoVZXC21","MG772934",1673,"GGTCTC(1/5) + CGTCTC(1/5)",29732
"87","Sl-CoVZXC21","MG772934",4323,"GGTCTC(1/5) + CGTCTC(1/5)",29732
"88","Sl-CoVZXC21","MG772934",609,"GGTCTC(1/5) + CGTCTC(1/5)",29732
"89","Sl-CoVZXC21","MG772934",24,"GGTCTC(1/5) + CGTCTC(1/5)",29732
"90","Sl-CoVZXC21","MG772934",6085,"GGTCTC(1/5) + CGTCTC(1/5)",29732
"91","Sl-CoVZXC21","MG772934",804,"GGTCTC(1/5) + CGTCTC(1/5)",29732
"92","BANAL-116","MZ937002",9506,"GGTCTC(1/5) + CGTCTC(1/5)",29437
"93","BANAL-116","MZ937002",693,"GGTCTC(1/5) + CGTCTC(1/5)",29437
"94","BANAL-116","MZ937002",1216,"GGTCTC(1/5) + CGTCTC(1/5)",29437
"95","BANAL-116","MZ937002",5669,"GGTCTC(1/5) + CGTCTC(1/5)",29437
"96","BANAL-116","MZ937002",643,"GGTCTC(1/5) + CGTCTC(1/5)",29437
"97","BANAL-116","MZ937002",4884,"GGTCTC(1/5) + CGTCTC(1/5)",29437
"98","BANAL-116","MZ937002",315,"GGTCTC(1/5) + CGTCTC(1/5)",29437
"99","BANAL-116","MZ937002",792,"GGTCTC(1/5) + CGTCTC(1/5)",29437
"100","BANAL-116","MZ937002",3105,"GGTCTC(1/5) + CGTCTC(1/5)",29437
"101","BANAL-116","MZ937002",2614,"GGTCTC(1/5) + CGTCTC(1/5)",29437
"102","BANAL-247","MZ937004",9701,"GGTCTC(1/5) + CGTCTC(1/5)",29645
"103","BANAL-247","MZ937004",693,"GGTCTC(1/5) + CGTCTC(1/5)",29645
"104","BANAL-247","MZ937004",1216,"GGTCTC(1/5) + CGTCTC(1/5)",29645
"105","BANAL-247","MZ937004",5669,"GGTCTC(1/5) + CGTCTC(1/5)",29645
"106","BANAL-247","MZ937004",643,"GGTCTC(1/5) + CGTCTC(1/5)",29645
"107","BANAL-247","MZ937004",4884,"GGTCTC(1/5) + CGTCTC(1/5)",29645
"108","BANAL-247","MZ937004",315,"GGTCTC(1/5) + CGTCTC(1/5)",29645
"109","BANAL-247","MZ937004",792,"GGTCTC(1/5) + CGTCTC(1/5)",29645
"110","BANAL-247","MZ937004",5732,"GGTCTC(1/5) + CGTCTC(1/5)",29645
"111","BM48","NC_014470",2774,"GGTCTC(1/5) + CGTCTC(1/5)",29276
"112","BM48","NC_014470",969,"GGTCTC(1/5) + CGTCTC(1/5)",29276
"113","BM48","NC_014470",3255,"GGTCTC(1/5) + CGTCTC(1/5)",29276
"114","BM48","NC_014470",123,"GGTCTC(1/5) + CGTCTC(1/5)",29276
"115","BM48","NC_014470",398,"GGTCTC(1/5) + CGTCTC(1/5)",29276
"116","BM48","NC_014470",4314,"GGTCTC(1/5) + CGTCTC(1/5)",29276
"117","BM48","NC_014470",2535,"GGTCTC(1/5) + CGTCTC(1/5)",29276
"118","BM48","NC_014470",1099,"GGTCTC(1/5) + CGTCTC(1/5)",29276
"119","BM48","NC_014470",200,"GGTCTC(1/5) + CGTCTC(1/5)",29276
"120","BM48","NC_014470",4545,"GGTCTC(1/5) + CGTCTC(1/5)",29276
"121","BM48","NC_014470",1869,"GGTCTC(1/5) + CGTCTC(1/5)",29276
"122","BM48","NC_014470",994,"GGTCTC(1/5) + CGTCTC(1/5)",29276
"123","BM48","NC_014470",1946,"GGTCTC(1/5) + CGTCTC(1/5)",29276
"124","BM48","NC_014470",1302,"GGTCTC(1/5) + CGTCTC(1/5)",29276
"125","BM48","NC_014470",261,"GGTCTC(1/5) + CGTCTC(1/5)",29276
"126","BM48","NC_014470",1270,"GGTCTC(1/5) + CGTCTC(1/5)",29276
"127","BM48","NC_014470",1422,"GGTCTC(1/5) + CGTCTC(1/5)",29276
"128","WIV1","KF367457",329,"GGTCTC(1/5) + CGTCTC(1/5)",30309
"129","WIV1","KF367457",1259,"GGTCTC(1/5) + CGTCTC(1/5)",30309
"130","WIV1","KF367457",969,"GGTCTC(1/5) + CGTCTC(1/5)",30309
"131","WIV1","KF367457",3159,"GGTCTC(1/5) + CGTCTC(1/5)",30309
"132","WIV1","KF367457",4652,"GGTCTC(1/5) + CGTCTC(1/5)",30309
"133","WIV1","KF367457",1275,"GGTCTC(1/5) + CGTCTC(1/5)",30309
"134","WIV1","KF367457",2826,"GGTCTC(1/5) + CGTCTC(1/5)",30309
"135","WIV1","KF367457",1754,"GGTCTC(1/5) + CGTCTC(1/5)",30309
"136","WIV1","KF367457",4680,"GGTCTC(1/5) + CGTCTC(1/5)",30309
"137","WIV1","KF367457",1757,"GGTCTC(1/5) + CGTCTC(1/5)",30309
"138","WIV1","KF367457",6847,"GGTCTC(1/5) + CGTCTC(1/5)",30309
"139","WIV1","KF367457",802,"GGTCTC(1/5) + CGTCTC(1/5)",30309
"140","RsSHC014","KC881005",329,"GGTCTC(1/5) + CGTCTC(1/5)",29787
"141","RsSHC014","KC881005",1259,"GGTCTC(1/5) + CGTCTC(1/5)",29787
"142","RsSHC014","KC881005",969,"GGTCTC(1/5) + CGTCTC(1/5)",29787
"143","RsSHC014","KC881005",3159,"GGTCTC(1/5) + CGTCTC(1/5)",29787
"144","RsSHC014","KC881005",4652,"GGTCTC(1/5) + CGTCTC(1/5)",29787
"145","RsSHC014","KC881005",1275,"GGTCTC(1/5) + CGTCTC(1/5)",29787
"146","RsSHC014","KC881005",2826,"GGTCTC(1/5) + CGTCTC(1/5)",29787
"147","RsSHC014","KC881005",1754,"GGTCTC(1/5) + CGTCTC(1/5)",29787
"148","RsSHC014","KC881005",4680,"GGTCTC(1/5) + CGTCTC(1/5)",29787
"149","RsSHC014","KC881005",8080,"GGTCTC(1/5) + CGTCTC(1/5)",29787
"150","RsSHC014","KC881005",804,"GGTCTC(1/5) + CGTCTC(1/5)",29787
"151","WIV16","KT444582",329,"GGTCTC(1/5) + CGTCTC(1/5)",30290
"152","WIV16","KT444582",1259,"GGTCTC(1/5) + CGTCTC(1/5)",30290
"153","WIV16","KT444582",4128,"GGTCTC(1/5) + CGTCTC(1/5)",30290
"154","WIV16","KT444582",4652,"GGTCTC(1/5) + CGTCTC(1/5)",30290
"155","WIV16","KT444582",1275,"GGTCTC(1/5) + CGTCTC(1/5)",30290
"156","WIV16","KT444582",2826,"GGTCTC(1/5) + CGTCTC(1/5)",30290
"157","WIV16","KT444582",1754,"GGTCTC(1/5) + CGTCTC(1/5)",30290
"158","WIV16","KT444582",3914,"GGTCTC(1/5) + CGTCTC(1/5)",30290
"159","WIV16","KT444582",766,"GGTCTC(1/5) + CGTCTC(1/5)",30290
"160","WIV16","KT444582",558,"GGTCTC(1/5) + CGTCTC(1/5)",30290
"161","WIV16","KT444582",1196,"GGTCTC(1/5) + CGTCTC(1/5)",30290
"162","WIV16","KT444582",6847,"GGTCTC(1/5) + CGTCTC(1/5)",30290
"163","WIV16","KT444582",786,"GGTCTC(1/5) + CGTCTC(1/5)",30290
"164","SARS1-Urbani","AY278741",329,"GGTCTC(1/5) + CGTCTC(1/5)",29727
"165","SARS1-Urbani","AY278741",1259,"GGTCTC(1/5) + CGTCTC(1/5)",29727
"166","SARS1-Urbani","AY278741",969,"GGTCTC(1/5) + CGTCTC(1/5)",29727
"167","SARS1-Urbani","AY278741",588,"GGTCTC(1/5) + CGTCTC(1/5)",29727
"168","SARS1-Urbani","AY278741",2571,"GGTCTC(1/5) + CGTCTC(1/5)",29727
"169","SARS1-Urbani","AY278741",4652,"GGTCTC(1/5) + CGTCTC(1/5)",29727
"170","SARS1-Urbani","AY278741",1275,"GGTCTC(1/5) + CGTCTC(1/5)",29727
"171","SARS1-Urbani","AY278741",2826,"GGTCTC(1/5) + CGTCTC(1/5)",29727
"172","SARS1-Urbani","AY278741",1754,"GGTCTC(1/5) + CGTCTC(1/5)",29727
"173","SARS1-Urbani","AY278741",4680,"GGTCTC(1/5) + CGTCTC(1/5)",29727
"174","SARS1-Urbani","AY278741",7172,"GGTCTC(1/5) + CGTCTC(1/5)",29727
"175","SARS1-Urbani","AY278741",866,"GGTCTC(1/5) + CGTCTC(1/5)",29727
"176","SARS1-Urbani","AY278741",786,"GGTCTC(1/5) + CGTCTC(1/5)",29727
"177","SARS1-Tor2-1","AY274119",329,"GGTCTC(1/5) + CGTCTC(1/5)",29751
"178","SARS1-Tor2-1","AY274119",1259,"GGTCTC(1/5) + CGTCTC(1/5)",29751
"179","SARS1-Tor2-1","AY274119",969,"GGTCTC(1/5) + CGTCTC(1/5)",29751
"180","SARS1-Tor2-1","AY274119",588,"GGTCTC(1/5) + CGTCTC(1/5)",29751
"181","SARS1-Tor2-1","AY274119",2571,"GGTCTC(1/5) + CGTCTC(1/5)",29751
"182","SARS1-Tor2-1","AY274119",4652,"GGTCTC(1/5) + CGTCTC(1/5)",29751
"183","SARS1-Tor2-1","AY274119",1275,"GGTCTC(1/5) + CGTCTC(1/5)",29751
"184","SARS1-Tor2-1","AY274119",2826,"GGTCTC(1/5) + CGTCTC(1/5)",29751
"185","SARS1-Tor2-1","AY274119",1754,"GGTCTC(1/5) + CGTCTC(1/5)",29751
"186","SARS1-Tor2-1","AY274119",4680,"GGTCTC(1/5) + CGTCTC(1/5)",29751
"187","SARS1-Tor2-1","AY274119",7172,"GGTCTC(1/5) + CGTCTC(1/5)",29751
"188","SARS1-Tor2-1","AY274119",866,"GGTCTC(1/5) + CGTCTC(1/5)",29751
"189","SARS1-Tor2-1","AY274119",810,"GGTCTC(1/5) + CGTCTC(1/5)",29751
"190","SARS1-Tor2-2","NC_004718",329,"GGTCTC(1/5) + CGTCTC(1/5)",29751
"191","SARS1-Tor2-2","NC_004718",1259,"GGTCTC(1/5) + CGTCTC(1/5)",29751
"192","SARS1-Tor2-2","NC_004718",969,"GGTCTC(1/5) + CGTCTC(1/5)",29751
"193","SARS1-Tor2-2","NC_004718",588,"GGTCTC(1/5) + CGTCTC(1/5)",29751
"194","SARS1-Tor2-2","NC_004718",2571,"GGTCTC(1/5) + CGTCTC(1/5)",29751
"195","SARS1-Tor2-2","NC_004718",4652,"GGTCTC(1/5) + CGTCTC(1/5)",29751
"196","SARS1-Tor2-2","NC_004718",1275,"GGTCTC(1/5) + CGTCTC(1/5)",29751
"197","SARS1-Tor2-2","NC_004718",2826,"GGTCTC(1/5) + CGTCTC(1/5)",29751
"198","SARS1-Tor2-2","NC_004718",1754,"GGTCTC(1/5) + CGTCTC(1/5)",29751
"199","SARS1-Tor2-2","NC_004718",4680,"GGTCTC(1/5) + CGTCTC(1/5)",29751
"200","SARS1-Tor2-2","NC_004718",7172,"GGTCTC(1/5) + CGTCTC(1/5)",29751
"201","SARS1-Tor2-2","NC_004718",866,"GGTCTC(1/5) + CGTCTC(1/5)",29751
"202","SARS1-Tor2-2","NC_004718",810,"GGTCTC(1/5) + CGTCTC(1/5)",29751
"203","Bat-Hp-BCov","NC_025217",859,"GGTCTC(1/5) + CGTCTC(1/5)",31491
"204","Bat-Hp-BCov","NC_025217",120,"GGTCTC(1/5) + CGTCTC(1/5)",31491
"205","Bat-Hp-BCov","NC_025217",5557,"GGTCTC(1/5) + CGTCTC(1/5)",31491
"206","Bat-Hp-BCov","NC_025217",1119,"GGTCTC(1/5) + CGTCTC(1/5)",31491
"207","Bat-Hp-BCov","NC_025217",4527,"GGTCTC(1/5) + CGTCTC(1/5)",31491
"208","Bat-Hp-BCov","NC_025217",4917,"GGTCTC(1/5) + CGTCTC(1/5)",31491
"209","Bat-Hp-BCov","NC_025217",4872,"GGTCTC(1/5) + CGTCTC(1/5)",31491
"210","Bat-Hp-BCov","NC_025217",3831,"GGTCTC(1/5) + CGTCTC(1/5)",31491
"211","Bat-Hp-BCov","NC_025217",2530,"GGTCTC(1/5) + CGTCTC(1/5)",31491
"212","Bat-Hp-BCov","NC_025217",3159,"GGTCTC(1/5) + CGTCTC(1/5)",31491
"213","Bat-CoV-unid","NC_048212",447,"GGTCTC(1/5) + CGTCTC(1/5)",28975
"214","Bat-CoV-unid","NC_048212",169,"GGTCTC(1/5) + CGTCTC(1/5)",28975
"215","Bat-CoV-unid","NC_048212",1979,"GGTCTC(1/5) + CGTCTC(1/5)",28975
"216","Bat-CoV-unid","NC_048212",3369,"GGTCTC(1/5) + CGTCTC(1/5)",28975
"217","Bat-CoV-unid","NC_048212",2825,"GGTCTC(1/5) + CGTCTC(1/5)",28975
"218","Bat-CoV-unid","NC_048212",2031,"GGTCTC(1/5) + CGTCTC(1/5)",28975
"219","Bat-CoV-unid","NC_048212",4862,"GGTCTC(1/5) + CGTCTC(1/5)",28975
"220","Bat-CoV-unid","NC_048212",4620,"GGTCTC(1/5) + CGTCTC(1/5)",28975
"221","Bat-CoV-unid","NC_048212",3443,"GGTCTC(1/5) + CGTCTC(1/5)",28975
"222","Bat-CoV-unid","NC_048212",109,"GGTCTC(1/5) + CGTCTC(1/5)",28975
"223","Bat-CoV-unid","NC_048212",806,"GGTCTC(1/5) + CGTCTC(1/5)",28975
"224","Bat-CoV-unid","NC_048212",1244,"GGTCTC(1/5) + CGTCTC(1/5)",28975
"225","Bat-CoV-unid","NC_048212",1723,"GGTCTC(1/5) + CGTCTC(1/5)",28975
"226","Bat-CoV-unid","NC_048212",1348,"GGTCTC(1/5) + CGTCTC(1/5)",28975
"227","HKU9","NC_009021",5437,"GGTCTC(1/5) + CGTCTC(1/5)",29114
"228","HKU9","NC_009021",2636,"GGTCTC(1/5) + CGTCTC(1/5)",29114
"229","HKU9","NC_009021",2892,"GGTCTC(1/5) + CGTCTC(1/5)",29114
"230","HKU9","NC_009021",1360,"GGTCTC(1/5) + CGTCTC(1/5)",29114
"231","HKU9","NC_009021",3609,"GGTCTC(1/5) + CGTCTC(1/5)",29114
"232","HKU9","NC_009021",65,"GGTCTC(1/5) + CGTCTC(1/5)",29114
"233","HKU9","NC_009021",2641,"GGTCTC(1/5) + CGTCTC(1/5)",29114
"234","HKU9","NC_009021",1241,"GGTCTC(1/5) + CGTCTC(1/5)",29114
"235","HKU9","NC_009021",2356,"GGTCTC(1/5) + CGTCTC(1/5)",29114
"236","HKU9","NC_009021",4650,"GGTCTC(1/5) + CGTCTC(1/5)",29114
"237","HKU9","NC_009021",690,"GGTCTC(1/5) + CGTCTC(1/5)",29114
"238","HKU9","NC_009021",1285,"GGTCTC(1/5) + CGTCTC(1/5)",29114
"239","HKU9","NC_009021",252,"GGTCTC(1/5) + CGTCTC(1/5)",29114
"240","GCCDC1","NC_030886",2644,"GGTCTC(1/5) + CGTCTC(1/5)",30161
"241","GCCDC1","NC_030886",741,"GGTCTC(1/5) + CGTCTC(1/5)",30161
"242","GCCDC1","NC_030886",1837,"GGTCTC(1/5) + CGTCTC(1/5)",30161
"243","GCCDC1","NC_030886",3536,"GGTCTC(1/5) + CGTCTC(1/5)",30161
"244","GCCDC1","NC_030886",1504,"GGTCTC(1/5) + CGTCTC(1/5)",30161
"245","GCCDC1","NC_030886",794,"GGTCTC(1/5) + CGTCTC(1/5)",30161
"246","GCCDC1","NC_030886",2495,"GGTCTC(1/5) + CGTCTC(1/5)",30161
"247","GCCDC1","NC_030886",277,"GGTCTC(1/5) + CGTCTC(1/5)",30161
"248","GCCDC1","NC_030886",5787,"GGTCTC(1/5) + CGTCTC(1/5)",30161
"249","GCCDC1","NC_030886",3348,"GGTCTC(1/5) + CGTCTC(1/5)",30161
"250","GCCDC1","NC_030886",733,"GGTCTC(1/5) + CGTCTC(1/5)",30161
"251","GCCDC1","NC_030886",5176,"GGTCTC(1/5) + CGTCTC(1/5)",30161
"252","GCCDC1","NC_030886",1289,"GGTCTC(1/5) + CGTCTC(1/5)",30161
"253","Human-BetaCoV-2c","JX869059",231,"GGTCTC(1/5) + CGTCTC(1/5)",30119
"254","Human-BetaCoV-2c","JX869059",2210,"GGTCTC(1/5) + CGTCTC(1/5)",30119
"255","Human-BetaCoV-2c","JX869059",5258,"GGTCTC(1/5) + CGTCTC(1/5)",30119
"256","Human-BetaCoV-2c","JX869059",298,"GGTCTC(1/5) + CGTCTC(1/5)",30119
"257","Human-BetaCoV-2c","JX869059",136,"GGTCTC(1/5) + CGTCTC(1/5)",30119
"258","Human-BetaCoV-2c","JX869059",3551,"GGTCTC(1/5) + CGTCTC(1/5)",30119
"259","Human-BetaCoV-2c","JX869059",10001,"GGTCTC(1/5) + CGTCTC(1/5)",30119
"260","Human-BetaCoV-2c","JX869059",7689,"GGTCTC(1/5) + CGTCTC(1/5)",30119
"261","Human-BetaCoV-2c","JX869059",745,"GGTCTC(1/5) + CGTCTC(1/5)",30119
"262","MERS-HCoV","NC_019843",231,"GGTCTC(1/5) + CGTCTC(1/5)",30119
"263","MERS-HCoV","NC_019843",2210,"GGTCTC(1/5) + CGTCTC(1/5)",30119
"264","MERS-HCoV","NC_019843",5258,"GGTCTC(1/5) + CGTCTC(1/5)",30119
"265","MERS-HCoV","NC_019843",298,"GGTCTC(1/5) + CGTCTC(1/5)",30119
"266","MERS-HCoV","NC_019843",136,"GGTCTC(1/5) + CGTCTC(1/5)",30119
"267","MERS-HCoV","NC_019843",3551,"GGTCTC(1/5) + CGTCTC(1/5)",30119
"268","MERS-HCoV","NC_019843",10001,"GGTCTC(1/5) + CGTCTC(1/5)",30119
"269","MERS-HCoV","NC_019843",7689,"GGTCTC(1/5) + CGTCTC(1/5)",30119
"270","MERS-HCoV","NC_019843",745,"GGTCTC(1/5) + CGTCTC(1/5)",30119
"271","BetaCoV-England-1","NC_038294",230,"GGTCTC(1/5) + CGTCTC(1/5)",30111
"272","BetaCoV-England-1","NC_038294",2210,"GGTCTC(1/5) + CGTCTC(1/5)",30111
"273","BetaCoV-England-1","NC_038294",5258,"GGTCTC(1/5) + CGTCTC(1/5)",30111
"274","BetaCoV-England-1","NC_038294",298,"GGTCTC(1/5) + CGTCTC(1/5)",30111
"275","BetaCoV-England-1","NC_038294",136,"GGTCTC(1/5) + CGTCTC(1/5)",30111
"276","BetaCoV-England-1","NC_038294",3551,"GGTCTC(1/5) + CGTCTC(1/5)",30111
"277","BetaCoV-England-1","NC_038294",10001,"GGTCTC(1/5) + CGTCTC(1/5)",30111
"278","BetaCoV-England-1","NC_038294",7689,"GGTCTC(1/5) + CGTCTC(1/5)",30111
"279","BetaCoV-England-1","NC_038294",738,"GGTCTC(1/5) + CGTCTC(1/5)",30111
"280","Bat-CoV-PREDICT-2180","NC_034440",13,"GGTCTC(1/5) + CGTCTC(1/5)",29642
"281","Bat-CoV-PREDICT-2180","NC_034440",157,"GGTCTC(1/5) + CGTCTC(1/5)",29642
"282","Bat-CoV-PREDICT-2180","NC_034440",281,"GGTCTC(1/5) + CGTCTC(1/5)",29642
"283","Bat-CoV-PREDICT-2180","NC_034440",453,"GGTCTC(1/5) + CGTCTC(1/5)",29642
"284","Bat-CoV-PREDICT-2180","NC_034440",1325,"GGTCTC(1/5) + CGTCTC(1/5)",29642
"285","Bat-CoV-PREDICT-2180","NC_034440",3073,"GGTCTC(1/5) + CGTCTC(1/5)",29642
"286","Bat-CoV-PREDICT-2180","NC_034440",2170,"GGTCTC(1/5) + CGTCTC(1/5)",29642
"287","Bat-CoV-PREDICT-2180","NC_034440",298,"GGTCTC(1/5) + CGTCTC(1/5)",29642
"288","Bat-CoV-PREDICT-2180","NC_034440",3049,"GGTCTC(1/5) + CGTCTC(1/5)",29642
"289","Bat-CoV-PREDICT-2180","NC_034440",638,"GGTCTC(1/5) + CGTCTC(1/5)",29642
"290","Bat-CoV-PREDICT-2180","NC_034440",3005,"GGTCTC(1/5) + CGTCTC(1/5)",29642
"291","Bat-CoV-PREDICT-2180","NC_034440",408,"GGTCTC(1/5) + CGTCTC(1/5)",29642
"292","Bat-CoV-PREDICT-2180","NC_034440",3593,"GGTCTC(1/5) + CGTCTC(1/5)",29642
"293","Bat-CoV-PREDICT-2180","NC_034440",4102,"GGTCTC(1/5) + CGTCTC(1/5)",29642
"294","Bat-CoV-PREDICT-2180","NC_034440",985,"GGTCTC(1/5) + CGTCTC(1/5)",29642
"295","Bat-CoV-PREDICT-2180","NC_034440",2351,"GGTCTC(1/5) + CGTCTC(1/5)",29642
"296","Bat-CoV-PREDICT-2180","NC_034440",573,"GGTCTC(1/5) + CGTCTC(1/5)",29642
"297","Bat-CoV-PREDICT-2180","NC_034440",1204,"GGTCTC(1/5) + CGTCTC(1/5)",29642
"298","Bat-CoV-PREDICT-2180","NC_034440",1964,"GGTCTC(1/5) + CGTCTC(1/5)",29642
"299","HKU5","NC_009020",2518,"GGTCTC(1/5) + CGTCTC(1/5)",30482
"300","HKU5","NC_009020",3233,"GGTCTC(1/5) + CGTCTC(1/5)",30482
"301","HKU5","NC_009020",1505,"GGTCTC(1/5) + CGTCTC(1/5)",30482
"302","HKU5","NC_009020",282,"GGTCTC(1/5) + CGTCTC(1/5)",30482
"303","HKU5","NC_009020",2044,"GGTCTC(1/5) + CGTCTC(1/5)",30482
"304","HKU5","NC_009020",284,"GGTCTC(1/5) + CGTCTC(1/5)",30482
"305","HKU5","NC_009020",9969,"GGTCTC(1/5) + CGTCTC(1/5)",30482
"306","HKU5","NC_009020",5631,"GGTCTC(1/5) + CGTCTC(1/5)",30482
"307","HKU5","NC_009020",5016,"GGTCTC(1/5) + CGTCTC(1/5)",30482
"308","HKU4","NC_009019",7413,"GGTCTC(1/5) + CGTCTC(1/5)",30286
"309","HKU4","NC_009019",8462,"GGTCTC(1/5) + CGTCTC(1/5)",30286
"310","HKU4","NC_009019",6173,"GGTCTC(1/5) + CGTCTC(1/5)",30286
"311","HKU4","NC_009019",2984,"GGTCTC(1/5) + CGTCTC(1/5)",30286
"312","HKU4","NC_009019",930,"GGTCTC(1/5) + CGTCTC(1/5)",30286
"313","HKU4","NC_009019",1376,"GGTCTC(1/5) + CGTCTC(1/5)",30286
"314","HKU4","NC_009019",2948,"GGTCTC(1/5) + CGTCTC(1/5)",30286
"315","ErinaceusCoV","NC_039207",193,"GGTCTC(1/5) + CGTCTC(1/5)",30148
"316","ErinaceusCoV","NC_039207",5821,"GGTCTC(1/5) + CGTCTC(1/5)",30148
"317","ErinaceusCoV","NC_039207",310,"GGTCTC(1/5) + CGTCTC(1/5)",30148
"318","ErinaceusCoV","NC_039207",25,"GGTCTC(1/5) + CGTCTC(1/5)",30148
"319","ErinaceusCoV","NC_039207",4214,"GGTCTC(1/5) + CGTCTC(1/5)",30148
"320","ErinaceusCoV","NC_039207",3811,"GGTCTC(1/5) + CGTCTC(1/5)",30148
"321","ErinaceusCoV","NC_039207",466,"GGTCTC(1/5) + CGTCTC(1/5)",30148
"322","ErinaceusCoV","NC_039207",9938,"GGTCTC(1/5) + CGTCTC(1/5)",30148
"323","ErinaceusCoV","NC_039207",1889,"GGTCTC(1/5) + CGTCTC(1/5)",30148
"324","ErinaceusCoV","NC_039207",549,"GGTCTC(1/5) + CGTCTC(1/5)",30148
"325","ErinaceusCoV","NC_039207",2932,"GGTCTC(1/5) + CGTCTC(1/5)",30148
"326","HKU1","NC_006577",233,"GGTCTC(1/5) + CGTCTC(1/5)",29926
"327","HKU1","NC_006577",25916,"GGTCTC(1/5) + CGTCTC(1/5)",29926
"328","HKU1","NC_006577",907,"GGTCTC(1/5) + CGTCTC(1/5)",29926
"329","HKU1","NC_006577",916,"GGTCTC(1/5) + CGTCTC(1/5)",29926
"330","HKU1","NC_006577",1954,"GGTCTC(1/5) + CGTCTC(1/5)",29926
"331","MHV-A59-C122","NC_001846",237,"GGTCTC(1/5) + CGTCTC(1/5)",31357
"332","MHV-A59-C122","NC_001846",3273,"GGTCTC(1/5) + CGTCTC(1/5)",31357
"333","MHV-A59-C122","NC_001846",1368,"GGTCTC(1/5) + CGTCTC(1/5)",31357
"334","MHV-A59-C122","NC_001846",8106,"GGTCTC(1/5) + CGTCTC(1/5)",31357
"335","MHV-A59-C122","NC_001846",3326,"GGTCTC(1/5) + CGTCTC(1/5)",31357
"336","MHV-A59-C122","NC_001846",560,"GGTCTC(1/5) + CGTCTC(1/5)",31357
"337","MHV-A59-C122","NC_001846",259,"GGTCTC(1/5) + CGTCTC(1/5)",31357
"338","MHV-A59-C122","NC_001846",421,"GGTCTC(1/5) + CGTCTC(1/5)",31357
"339","MHV-A59-C122","NC_001846",4861,"GGTCTC(1/5) + CGTCTC(1/5)",31357
"340","MHV-A59-C122","NC_001846",480,"GGTCTC(1/5) + CGTCTC(1/5)",31357
"341","MHV-A59-C122","NC_001846",1149,"GGTCTC(1/5) + CGTCTC(1/5)",31357
"342","MHV-A59-C122","NC_001846",4331,"GGTCTC(1/5) + CGTCTC(1/5)",31357
"343","MHV-A59-C122","NC_001846",2986,"GGTCTC(1/5) + CGTCTC(1/5)",31357
"344","MHV-A59-2","NC_048217",238,"GGTCTC(1/5) + CGTCTC(1/5)",31335
"345","MHV-A59-2","NC_048217",3273,"GGTCTC(1/5) + CGTCTC(1/5)",31335
"346","MHV-A59-2","NC_048217",1368,"GGTCTC(1/5) + CGTCTC(1/5)",31335
"347","MHV-A59-2","NC_048217",8106,"GGTCTC(1/5) + CGTCTC(1/5)",31335
"348","MHV-A59-2","NC_048217",3326,"GGTCTC(1/5) + CGTCTC(1/5)",31335
"349","MHV-A59-2","NC_048217",560,"GGTCTC(1/5) + CGTCTC(1/5)",31335
"350","MHV-A59-2","NC_048217",259,"GGTCTC(1/5) + CGTCTC(1/5)",31335
"351","MHV-A59-2","NC_048217",421,"GGTCTC(1/5) + CGTCTC(1/5)",31335
"352","MHV-A59-2","NC_048217",4861,"GGTCTC(1/5) + CGTCTC(1/5)",31335
"353","MHV-A59-2","NC_048217",480,"GGTCTC(1/5) + CGTCTC(1/5)",31335
"354","MHV-A59-2","NC_048217",1149,"GGTCTC(1/5) + CGTCTC(1/5)",31335
"355","MHV-A59-2","NC_048217",4331,"GGTCTC(1/5) + CGTCTC(1/5)",31335
"356","MHV-A59-2","NC_048217",2963,"GGTCTC(1/5) + CGTCTC(1/5)",31335
"357","Rat-CoV-Parker","NC_012936",210,"GGTCTC(1/5) + CGTCTC(1/5)",31250
"358","Rat-CoV-Parker","NC_012936",1495,"GGTCTC(1/5) + CGTCTC(1/5)",31250
"359","Rat-CoV-Parker","NC_012936",1772,"GGTCTC(1/5) + CGTCTC(1/5)",31250
"360","Rat-CoV-Parker","NC_012936",343,"GGTCTC(1/5) + CGTCTC(1/5)",31250
"361","Rat-CoV-Parker","NC_012936",281,"GGTCTC(1/5) + CGTCTC(1/5)",31250
"362","Rat-CoV-Parker","NC_012936",576,"GGTCTC(1/5) + CGTCTC(1/5)",31250
"363","Rat-CoV-Parker","NC_012936",5808,"GGTCTC(1/5) + CGTCTC(1/5)",31250
"364","Rat-CoV-Parker","NC_012936",2454,"GGTCTC(1/5) + CGTCTC(1/5)",31250
"365","Rat-CoV-Parker","NC_012936",3886,"GGTCTC(1/5) + CGTCTC(1/5)",31250
"366","Rat-CoV-Parker","NC_012936",259,"GGTCTC(1/5) + CGTCTC(1/5)",31250
"367","Rat-CoV-Parker","NC_012936",3488,"GGTCTC(1/5) + CGTCTC(1/5)",31250
"368","Rat-CoV-Parker","NC_012936",2274,"GGTCTC(1/5) + CGTCTC(1/5)",31250
"369","Rat-CoV-Parker","NC_012936",1598,"GGTCTC(1/5) + CGTCTC(1/5)",31250
"370","Rat-CoV-Parker","NC_012936",1869,"GGTCTC(1/5) + CGTCTC(1/5)",31250
"371","Rat-CoV-Parker","NC_012936",381,"GGTCTC(1/5) + CGTCTC(1/5)",31250
"372","Rat-CoV-Parker","NC_012936",2157,"GGTCTC(1/5) + CGTCTC(1/5)",31250
"373","Rat-CoV-Parker","NC_012936",2399,"GGTCTC(1/5) + CGTCTC(1/5)",31250
"374","HKU24","NC_026011",4341,"GGTCTC(1/5) + CGTCTC(1/5)",31249
"375","HKU24","NC_026011",9176,"GGTCTC(1/5) + CGTCTC(1/5)",31249
"376","HKU24","NC_026011",959,"GGTCTC(1/5) + CGTCTC(1/5)",31249
"377","HKU24","NC_026011",11677,"GGTCTC(1/5) + CGTCTC(1/5)",31249
"378","HKU24","NC_026011",2268,"GGTCTC(1/5) + CGTCTC(1/5)",31249
"379","HKU24","NC_026011",172,"GGTCTC(1/5) + CGTCTC(1/5)",31249
"380","HKU24","NC_026011",2656,"GGTCTC(1/5) + CGTCTC(1/5)",31249
"381","RtMruf-CoV-2","NC_046954",238,"GGTCTC(1/5) + CGTCTC(1/5)",31393
"382","RtMruf-CoV-2","NC_046954",7473,"GGTCTC(1/5) + CGTCTC(1/5)",31393
"383","RtMruf-CoV-2","NC_046954",2095,"GGTCTC(1/5) + CGTCTC(1/5)",31393
"384","RtMruf-CoV-2","NC_046954",6068,"GGTCTC(1/5) + CGTCTC(1/5)",31393
"385","RtMruf-CoV-2","NC_046954",1386,"GGTCTC(1/5) + CGTCTC(1/5)",31393
"386","RtMruf-CoV-2","NC_046954",6959,"GGTCTC(1/5) + CGTCTC(1/5)",31393
"387","RtMruf-CoV-2","NC_046954",7174,"GGTCTC(1/5) + CGTCTC(1/5)",31393
"388","HKU14","NC_017083",236,"GGTCTC(1/5) + CGTCTC(1/5)",31100
"389","HKU14","NC_017083",1554,"GGTCTC(1/5) + CGTCTC(1/5)",31100
"390","HKU14","NC_017083",4776,"GGTCTC(1/5) + CGTCTC(1/5)",31100
"391","HKU14","NC_017083",6986,"GGTCTC(1/5) + CGTCTC(1/5)",31100
"392","HKU14","NC_017083",14631,"GGTCTC(1/5) + CGTCTC(1/5)",31100
"393","HKU14","NC_017083",2917,"GGTCTC(1/5) + CGTCTC(1/5)",31100
"394","BCoV-ENT","NC_003045",238,"GGTCTC(1/5) + CGTCTC(1/5)",31028
"395","BCoV-ENT","NC_003045",10518,"GGTCTC(1/5) + CGTCTC(1/5)",31028
"396","BCoV-ENT","NC_003045",2618,"GGTCTC(1/5) + CGTCTC(1/5)",31028
"397","BCoV-ENT","NC_003045",3495,"GGTCTC(1/5) + CGTCTC(1/5)",31028
"398","BCoV-ENT","NC_003045",6188,"GGTCTC(1/5) + CGTCTC(1/5)",31028
"399","BCoV-ENT","NC_003045",6173,"GGTCTC(1/5) + CGTCTC(1/5)",31028
"400","BCoV-ENT","NC_003045",1255,"GGTCTC(1/5) + CGTCTC(1/5)",31028
"401","BCoV-ENT","NC_003045",543,"GGTCTC(1/5) + CGTCTC(1/5)",31028
"402","Human-CoV-OC43","AY391777",238,"GGTCTC(1/5) + CGTCTC(1/5)",30738
"403","Human-CoV-OC43","AY391777",9695,"GGTCTC(1/5) + CGTCTC(1/5)",30738
"404","Human-CoV-OC43","AY391777",3441,"GGTCTC(1/5) + CGTCTC(1/5)",30738
"405","Human-CoV-OC43","AY391777",3495,"GGTCTC(1/5) + CGTCTC(1/5)",30738
"406","Human-CoV-OC43","AY391777",6191,"GGTCTC(1/5) + CGTCTC(1/5)",30738
"407","Human-CoV-OC43","AY391777",1075,"GGTCTC(1/5) + CGTCTC(1/5)",30738
"408","Human-CoV-OC43","AY391777",3687,"GGTCTC(1/5) + CGTCTC(1/5)",30738
"409","Human-CoV-OC43","AY391777",2374,"GGTCTC(1/5) + CGTCTC(1/5)",30738
"410","Human-CoV-OC43","AY391777",542,"GGTCTC(1/5) + CGTCTC(1/5)",30738
"411","Human-CoV-OC43.2","NC_006213",237,"GGTCTC(1/5) + CGTCTC(1/5)",30741
"412","Human-CoV-OC43.2","NC_006213",9695,"GGTCTC(1/5) + CGTCTC(1/5)",30741
"413","Human-CoV-OC43.2","NC_006213",3441,"GGTCTC(1/5) + CGTCTC(1/5)",30741
"414","Human-CoV-OC43.2","NC_006213",3495,"GGTCTC(1/5) + CGTCTC(1/5)",30741
"415","Human-CoV-OC43.2","NC_006213",6191,"GGTCTC(1/5) + CGTCTC(1/5)",30741
"416","Human-CoV-OC43.2","NC_006213",1069,"GGTCTC(1/5) + CGTCTC(1/5)",30741
"417","Human-CoV-OC43.2","NC_006213",3669,"GGTCTC(1/5) + CGTCTC(1/5)",30741
"418","Human-CoV-OC43.2","NC_006213",2374,"GGTCTC(1/5) + CGTCTC(1/5)",30741
"419","Human-CoV-OC43.2","NC_006213",570,"GGTCTC(1/5) + CGTCTC(1/5)",30741
"420","Rat-CoV-Lucheng","NC_032730",8246,"GGTCTC(1/5) + CGTCTC(1/5)",28763
"421","Rat-CoV-Lucheng","NC_032730",5303,"GGTCTC(1/5) + CGTCTC(1/5)",28763
"422","Rat-CoV-Lucheng","NC_032730",7132,"GGTCTC(1/5) + CGTCTC(1/5)",28763
"423","Rat-CoV-Lucheng","NC_032730",1637,"GGTCTC(1/5) + CGTCTC(1/5)",28763
"424","Rat-CoV-Lucheng","NC_032730",2510,"GGTCTC(1/5) + CGTCTC(1/5)",28763
"425","Rat-CoV-Lucheng","NC_032730",314,"GGTCTC(1/5) + CGTCTC(1/5)",28763
"426","Rat-CoV-Lucheng","NC_032730",3090,"GGTCTC(1/5) + CGTCTC(1/5)",28763
"427","Rat-CoV-Lucheng","NC_032730",531,"GGTCTC(1/5) + CGTCTC(1/5)",28763
"428","HKU2","NC_009988",8796,"GGTCTC(1/5) + CGTCTC(1/5)",27165
"429","HKU2","NC_009988",29,"GGTCTC(1/5) + CGTCTC(1/5)",27165
"430","HKU2","NC_009988",8923,"GGTCTC(1/5) + CGTCTC(1/5)",27165
"431","HKU2","NC_009988",4226,"GGTCTC(1/5) + CGTCTC(1/5)",27165
"432","HKU2","NC_009988",542,"GGTCTC(1/5) + CGTCTC(1/5)",27165
"433","HKU2","NC_009988",214,"GGTCTC(1/5) + CGTCTC(1/5)",27165
"434","HKU2","NC_009988",3265,"GGTCTC(1/5) + CGTCTC(1/5)",27165
"435","HKU2","NC_009988",1170,"GGTCTC(1/5) + CGTCTC(1/5)",27165
"436","Shrew-CoV-Xingguo-74","NC_048211",3614,"GGTCTC(1/5) + CGTCTC(1/5)",25984
"437","Shrew-CoV-Xingguo-74","NC_048211",13641,"GGTCTC(1/5) + CGTCTC(1/5)",25984
"438","Shrew-CoV-Xingguo-74","NC_048211",8240,"GGTCTC(1/5) + CGTCTC(1/5)",25984
"439","Shrew-CoV-Xingguo-74","NC_048211",16,"GGTCTC(1/5) + CGTCTC(1/5)",25984
"440","Shrew-CoV-Xingguo-74","NC_048211",473,"GGTCTC(1/5) + CGTCTC(1/5)",25984
"441","Shrew-CoV-Xingguo-101","NC_035191",3630,"GGTCTC(1/5) + CGTCTC(1/5)",25995
"442","Shrew-CoV-Xingguo-101","NC_035191",13641,"GGTCTC(1/5) + CGTCTC(1/5)",25995
"443","Shrew-CoV-Xingguo-101","NC_035191",8240,"GGTCTC(1/5) + CGTCTC(1/5)",25995
"444","Shrew-CoV-Xingguo-101","NC_035191",16,"GGTCTC(1/5) + CGTCTC(1/5)",25995
"445","Shrew-CoV-Xingguo-101","NC_035191",468,"GGTCTC(1/5) + CGTCTC(1/5)",25995
"446","Turkey-CoV","NC_010800",739,"GGTCTC(1/5) + CGTCTC(1/5)",27657
"447","Turkey-CoV","NC_010800",154,"GGTCTC(1/5) + CGTCTC(1/5)",27657
"448","Turkey-CoV","NC_010800",12566,"GGTCTC(1/5) + CGTCTC(1/5)",27657
"449","Turkey-CoV","NC_010800",422,"GGTCTC(1/5) + CGTCTC(1/5)",27657
"450","Turkey-CoV","NC_010800",2866,"GGTCTC(1/5) + CGTCTC(1/5)",27657
"451","Turkey-CoV","NC_010800",3792,"GGTCTC(1/5) + CGTCTC(1/5)",27657
"452","Turkey-CoV","NC_010800",5721,"GGTCTC(1/5) + CGTCTC(1/5)",27657
"453","Turkey-CoV","NC_010800",1397,"GGTCTC(1/5) + CGTCTC(1/5)",27657
"454","Duck-CoV","NC_048214",666,"GGTCTC(1/5) + CGTCTC(1/5)",27754
"455","Duck-CoV","NC_048214",2171,"GGTCTC(1/5) + CGTCTC(1/5)",27754
"456","Duck-CoV","NC_048214",1486,"GGTCTC(1/5) + CGTCTC(1/5)",27754
"457","Duck-CoV","NC_048214",3090,"GGTCTC(1/5) + CGTCTC(1/5)",27754
"458","Duck-CoV","NC_048214",4442,"GGTCTC(1/5) + CGTCTC(1/5)",27754
"459","Duck-CoV","NC_048214",4416,"GGTCTC(1/5) + CGTCTC(1/5)",27754
"460","Duck-CoV","NC_048214",423,"GGTCTC(1/5) + CGTCTC(1/5)",27754
"461","Duck-CoV","NC_048214",2414,"GGTCTC(1/5) + CGTCTC(1/5)",27754
"462","Duck-CoV","NC_048214",5639,"GGTCTC(1/5) + CGTCTC(1/5)",27754
"463","Duck-CoV","NC_048214",108,"GGTCTC(1/5) + CGTCTC(1/5)",27754
"464","Duck-CoV","NC_048214",1323,"GGTCTC(1/5) + CGTCTC(1/5)",27754
"465","Duck-CoV","NC_048214",182,"GGTCTC(1/5) + CGTCTC(1/5)",27754
"466","Duck-CoV","NC_048214",159,"GGTCTC(1/5) + CGTCTC(1/5)",27754
"467","Duck-CoV","NC_048214",626,"GGTCTC(1/5) + CGTCTC(1/5)",27754
"468","Duck-CoV","NC_048214",609,"GGTCTC(1/5) + CGTCTC(1/5)",27754
"469","Ind-TN92-03","NC_048213",739,"GGTCTC(1/5) + CGTCTC(1/5)",27464
"470","Ind-TN92-03","NC_048213",154,"GGTCTC(1/5) + CGTCTC(1/5)",27464
"471","Ind-TN92-03","NC_048213",1054,"GGTCTC(1/5) + CGTCTC(1/5)",27464
"472","Ind-TN92-03","NC_048213",736,"GGTCTC(1/5) + CGTCTC(1/5)",27464
"473","Ind-TN92-03","NC_048213",5039,"GGTCTC(1/5) + CGTCTC(1/5)",27464
"474","Ind-TN92-03","NC_048213",3610,"GGTCTC(1/5) + CGTCTC(1/5)",27464
"475","Ind-TN92-03","NC_048213",4189,"GGTCTC(1/5) + CGTCTC(1/5)",27464
"476","Ind-TN92-03","NC_048213",1232,"GGTCTC(1/5) + CGTCTC(1/5)",27464
"477","Ind-TN92-03","NC_048213",1520,"GGTCTC(1/5) + CGTCTC(1/5)",27464
"478","Ind-TN92-03","NC_048213",2629,"GGTCTC(1/5) + CGTCTC(1/5)",27464
"479","Ind-TN92-03","NC_048213",6562,"GGTCTC(1/5) + CGTCTC(1/5)",27464
"480","HKU11-934","NC_011547",6885,"GGTCTC(1/5) + CGTCTC(1/5)",26487
"481","HKU11-934","NC_011547",9918,"GGTCTC(1/5) + CGTCTC(1/5)",26487
"482","HKU11-934","NC_011547",4530,"GGTCTC(1/5) + CGTCTC(1/5)",26487
"483","HKU11-934","NC_011547",3901,"GGTCTC(1/5) + CGTCTC(1/5)",26487
"484","HKU11-934","NC_011547",1253,"GGTCTC(1/5) + CGTCTC(1/5)",26487
"485","HKU15-155","NC_039208",6849,"GGTCTC(1/5) + CGTCTC(1/5)",25425
"486","HKU15-155","NC_039208",17,"GGTCTC(1/5) + CGTCTC(1/5)",25425
"487","HKU15-155","NC_039208",1247,"GGTCTC(1/5) + CGTCTC(1/5)",25425
"488","HKU15-155","NC_039208",111,"GGTCTC(1/5) + CGTCTC(1/5)",25425
"489","HKU15-155","NC_039208",2602,"GGTCTC(1/5) + CGTCTC(1/5)",25425
"490","HKU15-155","NC_039208",277,"GGTCTC(1/5) + CGTCTC(1/5)",25425
"491","HKU15-155","NC_039208",1773,"GGTCTC(1/5) + CGTCTC(1/5)",25425
"492","HKU15-155","NC_039208",2732,"GGTCTC(1/5) + CGTCTC(1/5)",25425
"493","HKU15-155","NC_039208",6301,"GGTCTC(1/5) + CGTCTC(1/5)",25425
"494","HKU15-155","NC_039208",2708,"GGTCTC(1/5) + CGTCTC(1/5)",25425
"495","HKU15-155","NC_039208",808,"GGTCTC(1/5) + CGTCTC(1/5)",25425
"496","HKU13-3514","NC_011550",9805,"GGTCTC(1/5) + CGTCTC(1/5)",26552
"497","HKU13-3514","NC_011550",3256,"GGTCTC(1/5) + CGTCTC(1/5)",26552
"498","HKU13-3514","NC_011550",848,"GGTCTC(1/5) + CGTCTC(1/5)",26552
"499","HKU13-3514","NC_011550",2416,"GGTCTC(1/5) + CGTCTC(1/5)",26552
"500","HKU13-3514","NC_011550",592,"GGTCTC(1/5) + CGTCTC(1/5)",26552
"501","HKU13-3514","NC_011550",254,"GGTCTC(1/5) + CGTCTC(1/5)",26552
"502","HKU13-3514","NC_011550",678,"GGTCTC(1/5) + CGTCTC(1/5)",26552
"503","HKU13-3514","NC_011550",2184,"GGTCTC(1/5) + CGTCTC(1/5)",26552
"504","HKU13-3514","NC_011550",861,"GGTCTC(1/5) + CGTCTC(1/5)",26552
"505","HKU13-3514","NC_011550",2010,"GGTCTC(1/5) + CGTCTC(1/5)",26552
"506","HKU13-3514","NC_011550",3648,"GGTCTC(1/5) + CGTCTC(1/5)",26552
"507","HKU16","NC_016991",1722,"GGTCTC(1/5) + CGTCTC(1/5)",26041
"508","HKU16","NC_016991",3175,"GGTCTC(1/5) + CGTCTC(1/5)",26041
"509","HKU16","NC_016991",1986,"GGTCTC(1/5) + CGTCTC(1/5)",26041
"510","HKU16","NC_016991",1283,"GGTCTC(1/5) + CGTCTC(1/5)",26041
"511","HKU16","NC_016991",8634,"GGTCTC(1/5) + CGTCTC(1/5)",26041
"512","HKU16","NC_016991",2561,"GGTCTC(1/5) + CGTCTC(1/5)",26041
"513","HKU16","NC_016991",3165,"GGTCTC(1/5) + CGTCTC(1/5)",26041
"514","HKU16","NC_016991",3515,"GGTCTC(1/5) + CGTCTC(1/5)",26041
"515","HKU21","NC_016996",306,"GGTCTC(1/5) + CGTCTC(1/5)",26223
"516","HKU21","NC_016996",5965,"GGTCTC(1/5) + CGTCTC(1/5)",26223
"517","HKU21","NC_016996",7107,"GGTCTC(1/5) + CGTCTC(1/5)",26223
"518","HKU21","NC_016996",2061,"GGTCTC(1/5) + CGTCTC(1/5)",26223
"519","HKU21","NC_016996",293,"GGTCTC(1/5) + CGTCTC(1/5)",26223
"520","HKU21","NC_016996",3457,"GGTCTC(1/5) + CGTCTC(1/5)",26223
"521","HKU21","NC_016996",3842,"GGTCTC(1/5) + CGTCTC(1/5)",26223
"522","HKU21","NC_016996",272,"GGTCTC(1/5) + CGTCTC(1/5)",26223
"523","HKU21","NC_016996",1698,"GGTCTC(1/5) + CGTCTC(1/5)",26223
"524","HKU21","NC_016996",1222,"GGTCTC(1/5) + CGTCTC(1/5)",26223
"525","HKU12-600","NC_011549",4314,"GGTCTC(1/5) + CGTCTC(1/5)",26396
"526","HKU12-600","NC_011549",4414,"GGTCTC(1/5) + CGTCTC(1/5)",26396
"527","HKU12-600","NC_011549",528,"GGTCTC(1/5) + CGTCTC(1/5)",26396
"528","HKU12-600","NC_011549",2292,"GGTCTC(1/5) + CGTCTC(1/5)",26396
"529","HKU12-600","NC_011549",3962,"GGTCTC(1/5) + CGTCTC(1/5)",26396
"530","HKU12-600","NC_011549",1344,"GGTCTC(1/5) + CGTCTC(1/5)",26396
"531","HKU12-600","NC_011549",8447,"GGTCTC(1/5) + CGTCTC(1/5)",26396
"532","HKU12-600","NC_011549",639,"GGTCTC(1/5) + CGTCTC(1/5)",26396
"533","HKU12-600","NC_011549",456,"GGTCTC(1/5) + CGTCTC(1/5)",26396
"534","HKU19","NC_016994",1729,"GGTCTC(1/5) + CGTCTC(1/5)",26077
"535","HKU19","NC_016994",535,"GGTCTC(1/5) + CGTCTC(1/5)",26077
"536","HKU19","NC_016994",5729,"GGTCTC(1/5) + CGTCTC(1/5)",26077
"537","HKU19","NC_016994",352,"GGTCTC(1/5) + CGTCTC(1/5)",26077
"538","HKU19","NC_016994",1987,"GGTCTC(1/5) + CGTCTC(1/5)",26077
"539","HKU19","NC_016994",3302,"GGTCTC(1/5) + CGTCTC(1/5)",26077
"540","HKU19","NC_016994",1638,"GGTCTC(1/5) + CGTCTC(1/5)",26077
"541","HKU19","NC_016994",4164,"GGTCTC(1/5) + CGTCTC(1/5)",26077
"542","HKU19","NC_016994",6641,"GGTCTC(1/5) + CGTCTC(1/5)",26077
"543","HKU18","NC_016993",254,"GGTCTC(1/5) + CGTCTC(1/5)",26689
"544","HKU18","NC_016993",2633,"GGTCTC(1/5) + CGTCTC(1/5)",26689
"545","HKU18","NC_016993",211,"GGTCTC(1/5) + CGTCTC(1/5)",26689
"546","HKU18","NC_016993",3590,"GGTCTC(1/5) + CGTCTC(1/5)",26689
"547","HKU18","NC_016993",2164,"GGTCTC(1/5) + CGTCTC(1/5)",26689
"548","HKU18","NC_016993",1438,"GGTCTC(1/5) + CGTCTC(1/5)",26689
"549","HKU18","NC_016993",1316,"GGTCTC(1/5) + CGTCTC(1/5)",26689
"550","HKU18","NC_016993",935,"GGTCTC(1/5) + CGTCTC(1/5)",26689
"551","HKU18","NC_016993",362,"GGTCTC(1/5) + CGTCTC(1/5)",26689
"552","HKU18","NC_016993",848,"GGTCTC(1/5) + CGTCTC(1/5)",26689
"553","HKU18","NC_016993",56,"GGTCTC(1/5) + CGTCTC(1/5)",26689
"554","HKU18","NC_016993",2952,"GGTCTC(1/5) + CGTCTC(1/5)",26689
"555","HKU18","NC_016993",2631,"GGTCTC(1/5) + CGTCTC(1/5)",26689
"556","HKU18","NC_016993",947,"GGTCTC(1/5) + CGTCTC(1/5)",26689
"557","HKU18","NC_016993",504,"GGTCTC(1/5) + CGTCTC(1/5)",26689
"558","HKU18","NC_016993",240,"GGTCTC(1/5) + CGTCTC(1/5)",26689
"559","HKU18","NC_016993",51,"GGTCTC(1/5) + CGTCTC(1/5)",26689
"560","HKU18","NC_016993",2665,"GGTCTC(1/5) + CGTCTC(1/5)",26689
"561","HKU18","NC_016993",2357,"GGTCTC(1/5) + CGTCTC(1/5)",26689
"562","HKU18","NC_016993",535,"GGTCTC(1/5) + CGTCTC(1/5)",26689
"563","HKU17","NC_016992",2775,"GGTCTC(1/5) + CGTCTC(1/5)",26083
"564","HKU17","NC_016992",4160,"GGTCTC(1/5) + CGTCTC(1/5)",26083
"565","HKU17","NC_016992",1907,"GGTCTC(1/5) + CGTCTC(1/5)",26083
"566","HKU17","NC_016992",4051,"GGTCTC(1/5) + CGTCTC(1/5)",26083
"567","HKU17","NC_016992",3270,"GGTCTC(1/5) + CGTCTC(1/5)",26083
"568","HKU17","NC_016992",5868,"GGTCTC(1/5) + CGTCTC(1/5)",26083
"569","HKU17","NC_016992",313,"GGTCTC(1/5) + CGTCTC(1/5)",26083
"570","HKU17","NC_016992",2431,"GGTCTC(1/5) + CGTCTC(1/5)",26083
"571","HKU17","NC_016992",1308,"GGTCTC(1/5) + CGTCTC(1/5)",26083
"572","HKU20","NC_016995",2788,"GGTCTC(1/5) + CGTCTC(1/5)",26227
"573","HKU20","NC_016995",3389,"GGTCTC(1/5) + CGTCTC(1/5)",26227
"574","HKU20","NC_016995",501,"GGTCTC(1/5) + CGTCTC(1/5)",26227
"575","HKU20","NC_016995",8983,"GGTCTC(1/5) + CGTCTC(1/5)",26227
"576","HKU20","NC_016995",3142,"GGTCTC(1/5) + CGTCTC(1/5)",26227
"577","HKU20","NC_016995",7424,"GGTCTC(1/5) + CGTCTC(1/5)",26227
"578","HKU8","NC_010438",356,"GGTCTC(1/5) + CGTCTC(1/5)",28773
"579","HKU8","NC_010438",1791,"GGTCTC(1/5) + CGTCTC(1/5)",28773
"580","HKU8","NC_010438",2697,"GGTCTC(1/5) + CGTCTC(1/5)",28773
"581","HKU8","NC_010438",1227,"GGTCTC(1/5) + CGTCTC(1/5)",28773
"582","HKU8","NC_010438",102,"GGTCTC(1/5) + CGTCTC(1/5)",28773
"583","HKU8","NC_010438",11331,"GGTCTC(1/5) + CGTCTC(1/5)",28773
"584","HKU8","NC_010438",5304,"GGTCTC(1/5) + CGTCTC(1/5)",28773
"585","HKU8","NC_010438",4708,"GGTCTC(1/5) + CGTCTC(1/5)",28773
"586","HKU8","NC_010438",1257,"GGTCTC(1/5) + CGTCTC(1/5)",28773
"587","Bat-CoV-1A","NC_010437",7340,"GGTCTC(1/5) + CGTCTC(1/5)",28326
"588","Bat-CoV-1A","NC_010437",16446,"GGTCTC(1/5) + CGTCTC(1/5)",28326
"589","Bat-CoV-1A","NC_010437",1427,"GGTCTC(1/5) + CGTCTC(1/5)",28326
"590","Bat-CoV-1A","NC_010437",3113,"GGTCTC(1/5) + CGTCTC(1/5)",28326
"591","Bat-Alpha-CoV","NC_046964",257,"GGTCTC(1/5) + CGTCTC(1/5)",28128
"592","Bat-Alpha-CoV","NC_046964",4885,"GGTCTC(1/5) + CGTCTC(1/5)",28128
"593","Bat-Alpha-CoV","NC_046964",2201,"GGTCTC(1/5) + CGTCTC(1/5)",28128
"594","Bat-Alpha-CoV","NC_046964",6463,"GGTCTC(1/5) + CGTCTC(1/5)",28128
"595","Bat-Alpha-CoV","NC_046964",1866,"GGTCTC(1/5) + CGTCTC(1/5)",28128
"596","Bat-Alpha-CoV","NC_046964",1793,"GGTCTC(1/5) + CGTCTC(1/5)",28128
"597","Bat-Alpha-CoV","NC_046964",4951,"GGTCTC(1/5) + CGTCTC(1/5)",28128
"598","Bat-Alpha-CoV","NC_046964",1032,"GGTCTC(1/5) + CGTCTC(1/5)",28128
"599","Bat-Alpha-CoV","NC_046964",4428,"GGTCTC(1/5) + CGTCTC(1/5)",28128
"600","Bat-Alpha-CoV","NC_046964",252,"GGTCTC(1/5) + CGTCTC(1/5)",28128
"601","229E","NC_002645",240,"GGTCTC(1/5) + CGTCTC(1/5)",27317
"602","229E","NC_002645",13923,"GGTCTC(1/5) + CGTCTC(1/5)",27317
"603","229E","NC_002645",10196,"GGTCTC(1/5) + CGTCTC(1/5)",27317
"604","229E","NC_002645",1781,"GGTCTC(1/5) + CGTCTC(1/5)",27317
"605","229E","NC_002645",342,"GGTCTC(1/5) + CGTCTC(1/5)",27317
"606","229E","NC_002645",738,"GGTCTC(1/5) + CGTCTC(1/5)",27317
"607","229E","NC_002645",97,"GGTCTC(1/5) + CGTCTC(1/5)",27317
"608","Camel-Alpha-CoV","NC_028752",1718,"GGTCTC(1/5) + CGTCTC(1/5)",27395
"609","Camel-Alpha-CoV","NC_028752",3592,"GGTCTC(1/5) + CGTCTC(1/5)",27395
"610","Camel-Alpha-CoV","NC_028752",14011,"GGTCTC(1/5) + CGTCTC(1/5)",27395
"611","Camel-Alpha-CoV","NC_028752",5041,"GGTCTC(1/5) + CGTCTC(1/5)",27395
"612","Camel-Alpha-CoV","NC_028752",2964,"GGTCTC(1/5) + CGTCTC(1/5)",27395
"613","Camel-Alpha-CoV","NC_028752",69,"GGTCTC(1/5) + CGTCTC(1/5)",27395
"614","Human-CoV-NL63","JX504050",21218,"GGTCTC(1/5) + CGTCTC(1/5)",27553
"615","Human-CoV-NL63","JX504050",6335,"GGTCTC(1/5) + CGTCTC(1/5)",27553
"616","Bat-CoV-9b","NC_048216",11542,"GGTCTC(1/5) + CGTCTC(1/5)",28679
"617","Bat-CoV-9b","NC_048216",5584,"GGTCTC(1/5) + CGTCTC(1/5)",28679
"618","Bat-CoV-9b","NC_048216",733,"GGTCTC(1/5) + CGTCTC(1/5)",28679
"619","Bat-CoV-9b","NC_048216",1472,"GGTCTC(1/5) + CGTCTC(1/5)",28679
"620","Bat-CoV-9b","NC_048216",63,"GGTCTC(1/5) + CGTCTC(1/5)",28679
"621","Bat-CoV-9b","NC_048216",203,"GGTCTC(1/5) + CGTCTC(1/5)",28679
"622","Bat-CoV-9b","NC_048216",5307,"GGTCTC(1/5) + CGTCTC(1/5)",28679
"623","Bat-CoV-9b","NC_048216",2287,"GGTCTC(1/5) + CGTCTC(1/5)",28679
"624","Bat-CoV-9b","NC_048216",1488,"GGTCTC(1/5) + CGTCTC(1/5)",28679
"625","Bat-CoV-9a","NC_032107",16405,"GGTCTC(1/5) + CGTCTC(1/5)",28363
"626","Bat-CoV-9a","NC_032107",19,"GGTCTC(1/5) + CGTCTC(1/5)",28363
"627","Bat-CoV-9a","NC_032107",8223,"GGTCTC(1/5) + CGTCTC(1/5)",28363
"628","Bat-CoV-9a","NC_032107",1537,"GGTCTC(1/5) + CGTCTC(1/5)",28363
"629","Bat-CoV-9a","NC_032107",2179,"GGTCTC(1/5) + CGTCTC(1/5)",28363
"630","Bat-CoV-512","NC_009657",199,"GGTCTC(1/5) + CGTCTC(1/5)",28203
"631","Bat-CoV-512","NC_009657",1320,"GGTCTC(1/5) + CGTCTC(1/5)",28203
"632","Bat-CoV-512","NC_009657",3334,"GGTCTC(1/5) + CGTCTC(1/5)",28203
"633","Bat-CoV-512","NC_009657",994,"GGTCTC(1/5) + CGTCTC(1/5)",28203
"634","Bat-CoV-512","NC_009657",23,"GGTCTC(1/5) + CGTCTC(1/5)",28203
"635","Bat-CoV-512","NC_009657",6918,"GGTCTC(1/5) + CGTCTC(1/5)",28203
"636","Bat-CoV-512","NC_009657",979,"GGTCTC(1/5) + CGTCTC(1/5)",28203
"637","Bat-CoV-512","NC_009657",2914,"GGTCTC(1/5) + CGTCTC(1/5)",28203
"638","Bat-CoV-512","NC_009657",7482,"GGTCTC(1/5) + CGTCTC(1/5)",28203
"639","Bat-CoV-512","NC_009657",95,"GGTCTC(1/5) + CGTCTC(1/5)",28203
"640","Bat-CoV-512","NC_009657",322,"GGTCTC(1/5) + CGTCTC(1/5)",28203
"641","Bat-CoV-512","NC_009657",3623,"GGTCTC(1/5) + CGTCTC(1/5)",28203
"642","Porcine-CoV-PEDV","MK841495",379,"GGTCTC(1/5) + CGTCTC(1/5)",28038
"643","Porcine-CoV-PEDV","MK841495",411,"GGTCTC(1/5) + CGTCTC(1/5)",28038
"644","Porcine-CoV-PEDV","MK841495",201,"GGTCTC(1/5) + CGTCTC(1/5)",28038
"645","Porcine-CoV-PEDV","MK841495",1843,"GGTCTC(1/5) + CGTCTC(1/5)",28038
"646","Porcine-CoV-PEDV","MK841495",206,"GGTCTC(1/5) + CGTCTC(1/5)",28038
"647","Porcine-CoV-PEDV","MK841495",3015,"GGTCTC(1/5) + CGTCTC(1/5)",28038
"648","Porcine-CoV-PEDV","MK841495",169,"GGTCTC(1/5) + CGTCTC(1/5)",28038
"649","Porcine-CoV-PEDV","MK841495",364,"GGTCTC(1/5) + CGTCTC(1/5)",28038
"650","Porcine-CoV-PEDV","MK841495",4969,"GGTCTC(1/5) + CGTCTC(1/5)",28038
"651","Porcine-CoV-PEDV","MK841495",4949,"GGTCTC(1/5) + CGTCTC(1/5)",28038
"652","Porcine-CoV-PEDV","MK841495",6997,"GGTCTC(1/5) + CGTCTC(1/5)",28038
"653","Porcine-CoV-PEDV","MK841495",389,"GGTCTC(1/5) + CGTCTC(1/5)",28038
"654","Porcine-CoV-PEDV","MK841495",439,"GGTCTC(1/5) + CGTCTC(1/5)",28038
"655","Porcine-CoV-PEDV","MK841495",3707,"GGTCTC(1/5) + CGTCTC(1/5)",28038
"656","Bat-CoV-CDPHE15","NC_022103",227,"GGTCTC(1/5) + CGTCTC(1/5)",28035
"657","Bat-CoV-CDPHE15","NC_022103",2991,"GGTCTC(1/5) + CGTCTC(1/5)",28035
"658","Bat-CoV-CDPHE15","NC_022103",1805,"GGTCTC(1/5) + CGTCTC(1/5)",28035
"659","Bat-CoV-CDPHE15","NC_022103",3247,"GGTCTC(1/5) + CGTCTC(1/5)",28035
"660","Bat-CoV-CDPHE15","NC_022103",6378,"GGTCTC(1/5) + CGTCTC(1/5)",28035
"661","Bat-CoV-CDPHE15","NC_022103",672,"GGTCTC(1/5) + CGTCTC(1/5)",28035
"662","Bat-CoV-CDPHE15","NC_022103",1556,"GGTCTC(1/5) + CGTCTC(1/5)",28035
"663","Bat-CoV-CDPHE15","NC_022103",2027,"GGTCTC(1/5) + CGTCTC(1/5)",28035
"664","Bat-CoV-CDPHE15","NC_022103",2466,"GGTCTC(1/5) + CGTCTC(1/5)",28035
"665","Bat-CoV-CDPHE15","NC_022103",4472,"GGTCTC(1/5) + CGTCTC(1/5)",28035
"666","Bat-CoV-CDPHE15","NC_022103",954,"GGTCTC(1/5) + CGTCTC(1/5)",28035
"667","Bat-CoV-CDPHE15","NC_022103",1240,"GGTCTC(1/5) + CGTCTC(1/5)",28035
"668","FRCoV-NL-2010","NC_030292",194,"GGTCTC(1/5) + CGTCTC(1/5)",28434
"669","FRCoV-NL-2010","NC_030292",224,"GGTCTC(1/5) + CGTCTC(1/5)",28434
"670","FRCoV-NL-2010","NC_030292",762,"GGTCTC(1/5) + CGTCTC(1/5)",28434
"671","FRCoV-NL-2010","NC_030292",1094,"GGTCTC(1/5) + CGTCTC(1/5)",28434
"672","FRCoV-NL-2010","NC_030292",1667,"GGTCTC(1/5) + CGTCTC(1/5)",28434
"673","FRCoV-NL-2010","NC_030292",7692,"GGTCTC(1/5) + CGTCTC(1/5)",28434
"674","FRCoV-NL-2010","NC_030292",8736,"GGTCTC(1/5) + CGTCTC(1/5)",28434
"675","FRCoV-NL-2010","NC_030292",6389,"GGTCTC(1/5) + CGTCTC(1/5)",28434
"676","FRCoV-NL-2010","NC_030292",1676,"GGTCTC(1/5) + CGTCTC(1/5)",28434
"677","Feline-CoV","NC_002306",1097,"GGTCTC(1/5) + CGTCTC(1/5)",29355
"678","Feline-CoV","NC_002306",2718,"GGTCTC(1/5) + CGTCTC(1/5)",29355
"679","Feline-CoV","NC_002306",4034,"GGTCTC(1/5) + CGTCTC(1/5)",29355
"680","Feline-CoV","NC_002306",7373,"GGTCTC(1/5) + CGTCTC(1/5)",29355
"681","Feline-CoV","NC_002306",1077,"GGTCTC(1/5) + CGTCTC(1/5)",29355
"682","Feline-CoV","NC_002306",6613,"GGTCTC(1/5) + CGTCTC(1/5)",29355
"683","Feline-CoV","NC_002306",1104,"GGTCTC(1/5) + CGTCTC(1/5)",29355
"684","Feline-CoV","NC_002306",1022,"GGTCTC(1/5) + CGTCTC(1/5)",29355
"685","Feline-CoV","NC_002306",2127,"GGTCTC(1/5) + CGTCTC(1/5)",29355
"686","Feline-CoV","NC_002306",2190,"GGTCTC(1/5) + CGTCTC(1/5)",29355
"687","TGEV-Purdue-P115","DQ811788",5140,"GGTCTC(1/5) + CGTCTC(1/5)",28571
"688","TGEV-Purdue-P115","DQ811788",2627,"GGTCTC(1/5) + CGTCTC(1/5)",28571
"689","TGEV-Purdue-P115","DQ811788",7373,"GGTCTC(1/5) + CGTCTC(1/5)",28571
"690","TGEV-Purdue-P115","DQ811788",1077,"GGTCTC(1/5) + CGTCTC(1/5)",28571
"691","TGEV-Purdue-P115","DQ811788",62,"GGTCTC(1/5) + CGTCTC(1/5)",28571
"692","TGEV-Purdue-P115","DQ811788",3559,"GGTCTC(1/5) + CGTCTC(1/5)",28571
"693","TGEV-Purdue-P115","DQ811788",2977,"GGTCTC(1/5) + CGTCTC(1/5)",28571
"694","TGEV-Purdue-P115","DQ811788",1104,"GGTCTC(1/5) + CGTCTC(1/5)",28571
"695","TGEV-Purdue-P115","DQ811788",1074,"GGTCTC(1/5) + CGTCTC(1/5)",28571
"696","TGEV-Purdue-P115","DQ811788",3578,"GGTCTC(1/5) + CGTCTC(1/5)",28571
"697","Gastro-CoV","NC_038861",5151,"GGTCTC(1/5) + CGTCTC(1/5)",28586
"698","Gastro-CoV","NC_038861",2627,"GGTCTC(1/5) + CGTCTC(1/5)",28586
"699","Gastro-CoV","NC_038861",7373,"GGTCTC(1/5) + CGTCTC(1/5)",28586
"700","Gastro-CoV","NC_038861",1077,"GGTCTC(1/5) + CGTCTC(1/5)",28586
"701","Gastro-CoV","NC_038861",62,"GGTCTC(1/5) + CGTCTC(1/5)",28586
"702","Gastro-CoV","NC_038861",3559,"GGTCTC(1/5) + CGTCTC(1/5)",28586
"703","Gastro-CoV","NC_038861",2977,"GGTCTC(1/5) + CGTCTC(1/5)",28586
"704","Gastro-CoV","NC_038861",1104,"GGTCTC(1/5) + CGTCTC(1/5)",28586
"705","Gastro-CoV","NC_038861",1074,"GGTCTC(1/5) + CGTCTC(1/5)",28586
"706","Gastro-CoV","NC_038861",3582,"GGTCTC(1/5) + CGTCTC(1/5)",28586
